statement ok
CREATE TABLE reviews (product_id INT, review TEXT, score INT);

statement ok
INSERT INTO reviews (product_id, review, score) values
  (1, 'very good', 5),
  (1, 'pretty good', 4),
  (1, 'whatever', 3),
  (1, 'terrible', 1),
  (2, 'this is good too', 4),
  (2, 'this is awful', 1);

query T rowsort
SELECT review FROM reviews
WHERE product_id = ? AND score >= ?
? = 1
? = 3
----
pretty good
very good
whatever

query T rowsort
SELECT review FROM reviews
WHERE product_id = ? AND score BETWEEN ? AND ?
? = 1
? = 2
? = 4
----
pretty good
whatever


query T rowsort
SELECT review FROM reviews
WHERE product_id IN (?, ?) AND score BETWEEN ? AND ?
? = 1
? = 2
? = 2
? = 4
----
pretty good
this is good too
whatever

query T rowsort
SELECT review FROM reviews
WHERE product_id = ? AND score > ?
? = 1
? = 3
----
pretty good
very good

statement ok
CREATE TABLE t (c1 int, c2 int, c3 int, c4 int, c5 int, c6 int, c7 int);

statement ok
INSERT INTO t (c1, c2, c3, c4, c5, c6, c7)
VALUES (1,2,3,4,5,6,7);

query IIIIIII nosort
SELECT c1, c2, c3, c4, c5, c6, c7 FROM t
WHERE c1 = ? AND c2 = ? AND c3 = ? AND c4 = ? AND c5 = ? AND c6 = ? AND c7 > ?
? = 1
? = 2
? = 3
? = 4
? = 5
? = 6
? = 6
----
1
2
3
4
5
6
7

statement ok
CREATE TABLE ints (a TINYINT, b MEDIUMINT, c INT, d BIGINT);

statement ok
INSERT INTO ints VALUES (42, 42, 42, 42);

statement error
SELECT * FROM ints WHERE a = 42.1;

statement error
SELECT * FROM ints WHERE b = 42.1;

statement error
SELECT * FROM ints WHERE c = 42.1;

statement error
SELECT * FROM ints WHERE d = 42.1;

statement error
SELECT * FROM ints WHERE a = '42.1';

statement error
SELECT * FROM ints WHERE b = '42.1';

statement error
SELECT * FROM ints WHERE c = '42.1';

statement error
SELECT * FROM ints WHERE d = '42.1';

statement error
SELECT * FROM ints WHERE a = '42.100000000000';

statement error
SELECT * FROM ints WHERE b = '42.100000000000';

statement error
SELECT * FROM ints WHERE c = '42.100000000000';

statement error
SELECT * FROM ints WHERE d = '42.100000000000';

query IIII
SELECT * FROM ints WHERE a = 42.0;
----
42
42
42
42

query IIII
SELECT * FROM ints WHERE b = 42.0;
----
42
42
42
42

query IIII
SELECT * FROM ints WHERE c = 42.0;
----
42
42
42
42

query IIII
SELECT * FROM ints WHERE d = 42.0;
----
42
42
42
42

query IIII
SELECT * FROM ints WHERE a = '42.0';
----
42
42
42
42

query IIII
SELECT * FROM ints WHERE b = '42.0';
----
42
42
42
42

query IIII
SELECT * FROM ints WHERE c = '42.0';
----
42
42
42
42

query IIII
SELECT * FROM ints WHERE d = '42.0';
----
42
42
42
42

query IIII
SELECT * FROM ints WHERE a = '42.000000000000';
----
42
42
42
42

query IIII
SELECT * FROM ints WHERE b = '42.000000000000';
----
42
42
42
42

query IIII
SELECT * FROM ints WHERE c = '42.000000000000';
----
42
42
42
42

query IIII
SELECT * FROM ints WHERE d = '42.000000000000';
----
42
42
42
42
